{"categories": {"t_v": 0.00218216370675956, "T5ini": 0, "dt": 10, "kind": "open", "T4ini": 0, "Re": 15, "cp": 4180.0, "alpha": 1027537.24623894, "T7ini": 0, "thetaini": 0, "freq": 60, "sini": 0, "max_iter": 1000, "phi_flat": -0.9964980043010999, "lamb": 0.6, "Ct": 0, "T9ini": 0, "l_v": 4.67136351267974e-05, "t": 50, "Beta": 1.5707963267948966, "Ka": 3363.3817291294104, "l_factor": 1427.13506422075, "T3ini": 0, "dx": 1.4285636278485987, "freqd": 412434.684534494, "T6ini": 0, "hini": 0.9408978533354061, "model": "4fields_open", "sigma_inf": 0.07200000000000001, "g": 9.81, "thermo_eq": true, "phiini": 0, "Pe": 104.5, "hN": 15.0, "T8ini": 0, "t_factor": 0.00014547758045063702, "We": 265.8486656174358, "L": 1427.13506422075, "bhN": 0.0007007045269019624, "tol": 0.5, "nu": 1e-06, "Bi": 80.0, "per": 0.016666666666666666, "Pr": 6.966666666666679, "Nx": 1000, "T1ini": 0, "theta_flat": 0.0035019956988981303, "name": "B21g08YYvky011ZL81o5Bd", "T0ini": 0, "B": 284.551464359205, "qini": 0.3333333333333333, "i": 4, "T2ini": 0, "chi": 1.4354066985645899e-07, "perd": 2.42462634084395e-06, "rho": 1000, "tmax": 50}, "tags": ["started"]}