{"categories": {"model": "4fields_open", "name": "w0OmEXnMOkNkwXYY8vQAja", "T6ini": 0, "B": 0.003556893304488092, "alpha": 12.844215577979634, "sini": 0, "T8ini": 0, "thermo_eq": true, "l_v": 4.67136351267974e-05, "Ka": 3363.3817291294104, "freqd": 549912.912712659, "l_factor": 1427.13506422075, "qini": 0.3333333333333333, "We": 265.8486656174358, "sigma_inf": 0.07200000000000001, "dx": 1.4285636278485987, "T4ini": 0, "i": 4, "kind": "open", "hini": 1.1023949539993332, "Bi": 0.0009999999999994458, "L": 1427.13506422075, "dt": 10, "theta_flat": 0.9964557133449841, "T9ini": 0, "max_iter": 1000, "lamb": 0.6, "Nx": 1000, "T7ini": 0, "T5ini": 0, "T1ini": 0, "Pe": 104.5, "T2ini": 0, "chi": 1.4354066985645899e-07, "phiini": 0, "tmax": 50, "cp": 4180.0, "thetaini": 0, "Beta": 1.5707963267948966, "tol": 0.5, "Ct": 0, "rho": 1000, "Pr": 6.966666666666679, "T0ini": 0, "hN": 15.0, "bhN": 0.0007007045269019624, "t_v": 0.00218216370675956, "phi_flat": -0.0035442866550156795, "perd": 1.8184697556329624e-06, "nu": 1e-06, "t": 50, "freq": 80, "T3ini": 0, "per": 0.0125, "t_factor": 0.00014547758045063702, "g": 9.81, "Re": 15}, "tags": ["started"]}