{"tags": ["started"], "categories": {"T3ini": 0, "per": 0.016666666666666666, "bhN": 0.0007007045269019624, "T6ini": 0, "Ka": 3363.3817291294104, "alpha": 1027537.24623894, "L": 1427.13506422075, "sigma_inf": 0.07200000000000001, "Re": 15, "T1ini": 0, "perd": 2.42462634084395e-06, "max_iter": 1000, "T5ini": 0, "Nx": 1000, "kind": "open", "phiini": 0, "l_factor": 1427.13506422075, "T2ini": 0, "freqd": 412434.684534494, "t": 50, "T9ini": 0, "dt": 10, "hN": 15.0, "We": 265.8486656174358, "phi_flat": -0.9964980043010999, "Pe": 104.5, "Beta": 1.5707963267948966, "Bi": 80.0, "theta_flat": 0.0035019956988981303, "t_factor": 0.00014547758045063702, "cp": 4180.0, "Ct": 0, "Pr": 6.966666666666679, "g": 9.81, "qini": 0.3333333333333333, "T7ini": 0, "B": 284.551464359205, "hini": 0.9171161943928142, "l_v": 4.67136351267974e-05, "dx": 1.4285636278485987, "name": "OOD8LbK1KgN2v61gL", "thetaini": 0, "T4ini": 0, "tol": 0.5, "T8ini": 0, "chi": 1.4354066985645899e-07, "freq": 60, "rho": 1000, "lamb": 0.6, "model": "10ff_open", "nu": 1e-06, "thermo_eq": true, "i": 4, "t_v": 0.00218216370675956, "tmax": 50, "T0ini": 0, "sini": 0}}